Category,Intake question,If Yes,If No,If Unsure,Outcome type,Source / basis,Notes
Project intake,What is the primary project type?,"Record project type; collect project description, address, and City-coordinator review item.",Not applicable - select the most accurate project type.,Not applicable - clarify project scope before proceeding.,Preparation / review,COJ IMPACT routing questionnaire,Project type begins the preliminary routing conversation; it is not a permit determination.
Zoning & use,"Will the business use change, expand, relocate, or add another use?",Add Certificate of Use (COU) to the preliminary permit matrix.,No COU route is added from this condition; continue screening.,Add City-coordinator confirmation item; continue screening.,Preliminary permit matrix,COJ rules table: change in business use,Final COU requirement must be confirmed by City staff.
Zoning & use,Will the occupancy classification change?,Add Change of Use Building Permit to the preliminary permit matrix.,No Change of Use Building Permit route is added from this condition; continue screening.,Add City-coordinator confirmation item; continue screening.,Preliminary permit matrix,COJ rules table: occupancy classification change,Do not guess occupancy classification.
Building,Will the project include interior construction or alterations?,Add Building Permit to the preliminary permit matrix.,No Building Permit route is added from this condition; continue screening.,Add City-coordinator confirmation item; continue screening.,Preliminary permit matrix,COJ rules table: interior construction,"Examples include tenant build-out, partitions, exits, accessibility, and life-safety work."
Mechanical,Are mechanical or HVAC systems being changed?,Flag mechanical/HVAC review and permit requirements for City confirmation.,No mechanical review flag is added; continue screening.,Add City-coordinator confirmation item; continue screening.,City confirmation needed,COJ IMPACT routing questionnaire,The current source set does not establish a universal automatic trade-permit rule.
Electrical,Are electrical systems being changed?,Flag electrical review and permit requirements for City confirmation.,No electrical review flag is added; continue screening.,Add City-coordinator confirmation item; continue screening.,City confirmation needed,COJ IMPACT routing questionnaire,The current source set does not establish a universal automatic trade-permit rule.
Plumbing,Is new or modified plumbing work proposed?,Add Plumbing Permit to the preliminary permit matrix.,No Plumbing Permit route is added from this condition; continue screening.,Add City-coordinator confirmation item; continue screening.,Preliminary permit matrix,COJ rules table: new plumbing,Final requirements must be confirmed by City staff.
Fire / special conditions,"Are fire-protection systems, commercial cooking, hazardous materials, or special occupancy conditions involved?",Flag Fire Prevention review requirements for City confirmation.,No fire-review flag is added; continue screening.,Add City-coordinator confirmation item; continue screening.,City confirmation needed,COJ IMPACT routing questionnaire,Do not present this flag as a confirmed permit without an explicit routing rule.
Site & civil,"Will work affect parking, access, drainage, utilities, landscaping, sidewalks, or driveways?",Add Civil review / Site-Work Permit to the preliminary permit matrix.,No Site-Work Permit route is added from this condition; continue screening.,Add City-coordinator confirmation item; continue screening.,Preliminary permit matrix,COJ rules table: site work,Final requirements must be confirmed by City staff.
Right-of-way,Will work occur in the public right-of-way?,Add Right-of-Way Permit to the preliminary permit matrix.,No Right-of-Way Permit route is added from this condition; finish screening.,Add City-coordinator confirmation item; finish screening.,Preliminary permit matrix,COJ rules table: City right-of-way work,"Examples may include sidewalks, streets, or utility work within public right-of-way."
Universal closeout,Has a preliminary permit matrix been generated?,Review the matrix with the COJ Permit Coordinator and relevant City staff.,Continue intake until a preliminary matrix is generated.,Continue intake and identify unresolved questions for City coordination.,City confirmation needed,COJ IMPACT workflow,"The automated output is preliminary, not City-approved."
